date,PM2.5,SO2,NO2
20130101,27.1,11.76,5.65
20130102,26.63,10.99,5.88
20130103,44.36,15.1,7.43
20130104,34.97,10.41,5.64
20130105,28.34,9.0,5.42
20130106,27.89,8.95,5.29
20130107,27.74,8.69,5.0
20130108,33.63,10.03,4.73
20130109,51.25,16.01,6.44
20130110,49.56,12.75,5.63
20130111,57.76,14.57,6.0
20130112,59.1,18.24,7.54
20130113,41.04,10.61,6.46
20130114,39.03,10.67,6.59
20130115,38.15,10.18,5.95
20130116,35.54,9.52,5.94
20130117,49.27,16.32,6.84
20130118,50.57,14.46,5.92
20130119,35.53,10.03,5.68
20130120,26.31,8.03,5.17
20130121,29.13,8.53,6.47
20130122,28.09,8.56,5.62
20130123,31.81,9.67,5.59
20130124,34.18,12.5,5.56
20130125,37.29,13.09,5.64
20130126,33.76,11.06,5.75
20130127,45.42,14.2,5.7
20130128,36.32,10.56,4.9
20130129,35.72,10.85,6.3
20130130,33.28,8.88,5.3
20130131,19.75,6.19,4.02
20130201,20.6,7.31,5.79
20130202,25.14,7.54,6.28
20130203,22.69,5.62,4.81
20130204,21.59,6.14,5.16
20130205,17.26,5.26,5.13
20130206,18.3,6.06,5.62
20130207,19.44,6.24,4.03
20130208,37.61,10.96,6.18
20130209,37.44,9.33,4.46
20130210,29.36,7.95,3.43
20130211,25.84,7.51,3.65
20130212,33.44,8.38,4.48
20130213,31.49,7.59,4.04
20130214,28.17,7.24,3.81
20130215,32.58,8.37,4.27
20130216,28.25,7.71,4.21
20130217,27.43,6.99,3.95
20130218,25.34,4.77,3.25
20130219,27.62,7.73,4.28
20130220,34.13,8.79,5.28
20130221,34.56,8.6,5.14
20130222,42.58,10.46,5.54
20130223,38.1,8.52,4.57
20130224,30.28,7.03,4.16
20130225,27.55,6.48,4.26
20130226,22.19,5.3,3.8
20130227,21.44,6.94,5.34
20130228,18.7,6.4,4.76
20130301,21.17,5.93,4.57
20130302,38.41,10.64,6.64
20130303,51.42,13.94,6.25
20130304,55.2,14.39,5.62
20130305,54.37,10.46,5.07
20130306,52.62,9.84,5.61
20130307,58.19,12.34,5.24
20130308,59.48,8.69,6.28
20130309,51.95,7.12,4.33
20130310,52.78,8.74,5.66
20130311,55.55,7.16,5.16
20130312,49.24,6.86,4.21
20130313,40.06,8.69,4.4
20130314,45.84,10.1,6.24
20130315,50.5,8.8,5.45
20130316,46.45,6.43,3.72
20130317,42.48,6.81,3.79
20130318,40.86,9.69,5.16
20130319,32.64,6.13,3.58
20130320,27.15,7.54,4.82
20130321,35.86,8.06,6.14
20130322,42.61,6.29,5.04
20130323,33.59,7.03,4.19
20130324,26.48,6.73,4.27
20130325,33.43,6.7,4.16
20130326,40.29,10.94,4.41
20130327,41.51,10.35,5.61
20130328,31.28,6.65,3.89
20130329,41.2,10.63,5.48
20130330,36.27,7.83,4.27
20130331,41.83,9.92,4.64
20130401,36.36,8.52,4.87
20130402,34.55,9.09,4.37
20130403,24.25,6.26,3.25
20130404,23.24,6.9,2.65
20130405,24.03,6.64,2.81
20130406,27.31,9.12,4.51
20130407,33.51,8.39,4.36
20130408,27.8,6.21,4.26
20130409,32.99,8.11,5.46
20130410,45.08,10.24,6.2
20130411,38.64,9.24,5.91
20130412,37.73,9.05,5.56
20130413,39.26,8.23,5.76
20130414,37.65,8.65,6.31
20130415,35.98,6.27,5.96
20130416,30.63,6.95,5.02
20130417,27.96,6.94,5.78
20130418,23.36,5.64,4.64
20130419,20.15,4.94,3.83
20130420,22.33,7.09,5.57
20130421,27.13,6.59,4.55
20130422,28.1,6.82,4.8
20130423,25.53,5.5,4.18
20130424,24.71,5.84,4.55
20130425,26.3,6.52,4.35
20130426,35.57,8.59,4.99
20130427,33.74,7.2,5.16
20130428,34.01,7.02,4.78
20130429,31.5,6.62,3.91
20130430,32.72,9.89,5.53
20130501,36.1,9.03,4.34
20130502,33.78,8.47,4.3
20130503,31.5,10.15,4.77
20130504,34.7,10.14,4.62
20130505,28.23,6.69,4.21
20130506,22.98,5.5,3.69
20130507,22.68,5.95,4.0
20130508,21.41,7.25,4.44
20130509,25.33,8.75,5.35
20130510,31.09,12.1,4.1
20130511,32.06,10.56,5.53
20130512,27.93,7.41,4.94
20130513,20.6,5.2,4.21
20130514,17.71,4.26,2.86
20130515,16.39,4.24,2.96
20130516,18.28,6.4,4.15
20130517,19.15,6.43,4.03
20130518,21.99,5.73,3.82
20130519,24.18,6.49,3.41
20130520,26.59,7.69,3.46
20130521,25.61,6.72,3.64
20130522,24.13,6.35,4.43
20130523,23.74,5.61,3.94
20130524,26.13,6.84,3.73
20130525,18.98,5.43,3.54
20130526,16.97,4.94,3.62
20130527,16.83,5.21,4.1
20130528,14.49,4.47,3.17
20130529,16.83,5.55,3.3
20130530,18.64,6.95,3.95
20130531,17.08,5.1,3.3
20130601,17.08,5.07,3.35
20130602,19.49,6.9,4.62
20130603,27.05,10.71,5.92
20130604,22.85,6.78,4.19
20130605,17.95,5.51,3.81
20130606,14.39,4.56,3.18
20130607,12.71,4.77,3.85
20130608,12.24,4.7,3.99
20130609,14.96,5.43,3.34
20130610,19.38,8.04,3.76
20130611,24.82,9.6,5.64
20130612,26.77,8.09,5.62
20130613,24.81,6.36,5.39
20130614,24.37,5.85,5.14
20130615,24.89,5.58,4.89
20130616,24.73,5.49,4.22
20130617,24.48,5.63,4.11
20130618,21.98,4.44,3.72
20130619,19.49,4.41,3.72
20130620,20.57,4.74,3.59
20130621,24.78,6.34,4.2
20130622,28.14,8.47,4.88
20130623,35.49,10.31,5.65
20130624,27.59,7.72,4.77
20130625,16.39,5.28,3.78
20130626,14.77,6.33,3.95
20130627,19.35,7.3,3.81
20130628,16.05,5.9,4.08
20130629,11.24,4.32,3.39
20130630,11.2,4.01,3.22
20130701,10.94,3.66,3.45
20130702,11.53,3.84,3.8
20130703,11.28,4.31,3.55
20130704,10.67,3.54,2.95
20130705,11.86,3.5,3.38
20130706,12.27,3.64,3.74
20130707,12.46,3.86,3.7
20130708,11.89,3.4,3.0
20130709,10.35,3.4,2.91
20130710,11.63,3.84,3.33
20130711,13.15,4.28,3.65
20130712,10.88,3.66,3.4
20130713,13.41,4.91,4.26
20130714,17.84,6.0,5.0
20130715,17.44,4.45,4.03
20130716,15.63,5.22,4.11
20130717,12.48,4.57,3.86
20130718,12.89,4.33,3.94
20130719,15.83,5.1,4.08
20130720,16.82,4.52,3.87
20130721,15.67,4.2,3.6
20130722,17.02,4.55,3.42
20130723,18.23,5.14,3.49
20130724,16.54,4.79,3.8
20130725,14.73,4.74,3.86
20130726,12.95,4.52,4.23
20130727,15.9,6.01,4.92
20130728,24.45,8.44,4.39
20130729,25.77,8.94,4.64
20130730,18.75,7.0,4.35
20130731,15.58,5.11,3.74
20130801,15.37,5.13,3.65
20130802,17.59,5.35,4.27
20130803,24.9,9.22,4.77
20130804,23.25,8.44,3.85
20130805,15.18,5.63,3.52
20130806,11.39,4.02,3.36
20130807,12.77,4.04,3.88
20130808,16.17,5.22,4.35
20130809,16.55,6.42,4.72
20130810,15.3,5.33,3.99
20130811,15.4,4.79,3.99
20130812,16.54,4.83,4.08
20130813,18.12,4.83,4.16
20130814,19.09,5.5,4.5
20130815,22.87,7.13,4.94
20130816,24.04,7.18,4.42
20130817,28.37,10.03,4.71
20130818,25.21,10.21,5.31
20130819,25.18,10.11,4.33
20130820,32.7,12.87,4.72
20130821,41.1,13.49,4.87
20130822,43.09,14.26,5.97
20130823,40.35,13.44,5.87
20130824,36.45,10.81,5.09
20130825,31.19,10.56,4.76
20130826,27.14,8.74,4.26
20130827,19.72,5.59,4.23
20130828,17.07,4.87,3.89
20130829,17.15,4.83,3.88
20130830,22.15,6.62,4.23
20130831,30.54,10.07,5.26
20130901,32.18,8.14,4.51
20130902,25.76,7.43,4.22
20130903,25.56,8.78,5.03
20130904,32.29,13.88,7.11
20130905,39.94,17.13,6.63
20130906,48.71,21.89,7.08
20130907,42.29,15.79,5.45
20130908,34.71,9.43,4.42
20130909,30.22,7.62,4.45
20130910,28.75,6.99,4.42
20130911,32.43,7.91,4.62
20130912,35.79,9.33,5.57
20130913,34.12,9.2,4.97
20130914,36.43,10.18,5.77
20130915,38.41,10.17,6.12
20130916,45.83,11.33,5.39
20130917,53.53,12.92,4.89
20130918,47.63,11.18,4.86
20130919,39.01,10.46,4.96
20130920,32.94,9.69,5.03
20130921,27.94,9.21,5.75
20130922,32.83,11.51,6.61
20130923,39.13,14.09,6.34
20130924,31.86,12.75,5.35
20130925,31.6,15.66,5.23
20130926,35.46,17.54,5.93
20130927,31.28,11.32,4.83
20130928,28.57,10.2,4.86
20130929,32.99,14.07,6.65
20130930,35.04,14.76,8.33
20131001,32.47,13.22,6.01
20131002,31.31,13.3,5.39
20131003,35.65,12.63,4.95
20131004,37.5,12.63,5.03
20131005,34.92,10.75,4.36
20131006,36.15,14.15,4.63
20131007,32.68,17.58,4.63
20131008,28.23,16.67,5.81
20131009,27.36,14.86,6.17
20131010,26.11,12.41,5.93
20131011,30.35,16.41,8.72
20131012,29.28,13.16,6.91
20131013,27.66,9.59,5.4
20131014,29.95,9.89,5.59
20131015,41.18,18.66,6.18
20131016,42.34,17.83,5.91
20131017,30.82,11.45,5.11
20131018,24.41,9.06,4.73
20131019,25.67,11.16,5.32
20131020,28.22,13.17,5.67
20131021,30.96,12.43,5.21
20131022,35.01,13.19,5.35
20131023,37.74,17.29,6.28
20131024,41.21,20.74,6.1
20131025,46.56,22.29,7.3
20131026,42.52,15.16,5.89
20131027,35.41,11.31,5.08
20131028,32.03,10.32,4.92
20131029,29.03,8.87,4.56
20131030,24.82,7.75,4.34
20131031,23.13,7.57,4.69
20131101,23.5,8.52,5.47
20131102,29.55,11.63,5.65
20131103,30.41,11.62,5.67
20131104,32.2,13.05,5.76
20131105,29.38,10.76,5.11
20131106,26.82,9.9,5.1
20131107,24.56,8.86,5.35
20131108,18.24,7.79,5.28
20131109,18.8,8.04,5.98
20131110,27.63,13.14,8.05
20131111,37.74,22.38,11.09
20131112,35.81,18.98,9.34
20131113,27.84,13.1,5.86
20131114,30.51,14.99,7.09
20131115,31.4,15.16,6.12
20131116,31.82,13.51,5.75
20131117,36.85,18.08,6.64
20131118,38.17,17.27,5.88
20131119,36.6,16.49,6.13
20131120,29.89,12.04,4.92
20131121,26.69,10.97,5.23
20131122,23.7,9.47,5.44
20131123,21.24,8.85,5.28
20131124,19.74,9.92,6.2
20131125,22.04,10.63,6.69
20131126,22.62,9.77,5.69
20131127,30.96,14.86,7.96
20131128,34.4,18.34,8.59
20131129,32.85,16.08,7.53
20131130,29.52,12.02,6.12
20131201,33.95,15.48,6.95
20131202,39.02,17.78,7.52
20131203,36.86,15.45,7.32
20131204,41.35,17.09,7.51
20131205,36.54,14.45,6.64
20131206,38.76,17.24,6.97
20131207,37.89,15.65,6.26
20131208,34.41,14.35,6.54
20131209,38.86,20.14,8.68
20131210,35.14,17.28,6.63
20131211,36.0,18.51,7.54
20131212,29.79,13.18,6.07
20131213,34.84,15.95,7.1
20131214,42.13,16.4,7.6
20131215,38.73,18.81,8.03
20131216,27.75,17.09,5.85
20131217,30.94,18.11,8.25
20131218,37.75,19.3,9.25
20131219,38.75,17.17,8.41
20131220,37.38,13.46,7.71
20131221,45.35,13.86,8.24
20131222,41.67,12.92,6.27
20131223,36.18,12.18,6.57
20131224,39.58,12.5,6.95
20131225,39.7,12.43,6.83
20131226,40.42,14.56,7.53
20131227,44.16,17.69,6.84
20131228,45.04,14.23,6.52
20131229,34.17,11.28,6.03
20131230,32.24,11.93,6.72
20131231,33.41,11.72,7.19
20140101,29.81,10.79,6.98
20140102,24.68,9.56,6.65
20140103,28.16,11.6,7.11
20140104,35.77,15.19,7.85
20140105,34.14,12.39,6.41
20140106,26.08,9.09,5.39
20140107,23.75,7.52,5.11
20140108,32.64,12.98,6.94
20140109,35.99,13.29,6.35
20140110,36.1,11.5,5.77
20140111,34.79,10.45,6.07
20140112,41.99,13.42,6.86
20140113,33.81,14.07,5.75
20140114,44.12,15.1,6.79
20140115,39.71,13.14,5.7
20140116,34.12,10.62,5.5
20140117,37.54,11.67,6.0
20140118,47.8,16.85,7.69
20140119,48.43,15.86,6.87
20140120,39.98,16.17,5.59
20140121,46.65,18.86,7.22
20140122,40.06,16.08,7.52
20140123,32.62,10.5,6.44
20140124,27.29,8.33,5.77
20140125,36.1,11.29,6.43
20140126,34.5,8.57,6.07
20140127,31.24,7.86,5.34
20140128,31.68,9.69,5.16
20140129,27.97,8.27,4.95
20140130,26.55,8.86,5.01
20140131,24.95,7.6,4.13
20140201,19.04,5.97,4.4
20140202,17.88,6.02,4.96
20140203,27.53,8.96,5.9
20140204,26.84,7.8,5.57
20140205,20.98,5.64,4.41
20140206,17.5,4.3,3.77
20140207,19.7,5.38,4.04
20140208,20.93,5.18,3.96
20140209,26.99,8.84,4.47
20140210,32.83,8.95,4.78
20140211,34.48,7.74,4.43
20140212,32.07,7.4,4.19
20140213,36.87,9.01,5.35
20140214,38.23,7.86,5.47
20140215,30.31,7.36,4.6
20140216,23.95,5.14,4.27
20140217,20.12,4.28,3.91
20140218,23.0,6.9,4.97
20140219,33.35,11.35,6.24
20140220,41.01,11.87,6.73
20140221,31.42,7.62,4.9
20140222,27.69,7.44,5.84
20140223,26.89,7.08,5.7
20140224,25.18,6.35,4.62
20140225,24.9,7.24,4.58
20140226,26.6,8.13,6.61
20140227,24.61,6.82,5.62
20140228,21.77,5.78,4.58
20140301,21.64,6.09,4.7
20140302,27.13,6.96,5.12
20140303,30.69,6.04,4.73
20140304,33.81,7.54,5.77
20140305,40.93,7.65,6.21
20140306,40.91,7.26,5.88
20140307,38.2,7.69,6.65
20140308,33.73,7.95,5.8
20140309,37.28,7.53,6.62
20140310,38.73,8.24,6.79
20140311,41.88,6.98,6.07
20140312,40.39,6.82,5.02
20140313,42.92,10.47,7.27
20140314,47.73,11.34,6.96
20140315,49.66,8.57,6.33
20140316,39.15,7.82,5.86
20140317,41.25,8.48,7.4
20140318,45.73,6.37,5.9
20140319,48.27,7.95,6.97
20140320,47.22,12.52,8.25
20140321,43.11,13.66,6.39
20140322,46.23,10.45,5.21
20140323,47.61,8.73,5.3
20140324,40.79,7.63,4.59
20140325,40.02,8.15,5.54
20140326,41.43,7.95,5.92
20140327,36.17,7.14,5.3
20140328,33.63,6.69,4.55
20140329,36.71,8.67,6.23
20140330,35.6,5.91,5.35
20140331,35.28,8.47,5.79
20140401,37.3,10.29,5.77
20140402,27.98,6.44,4.11
20140403,30.5,9.11,5.92
20140404,37.54,9.4,5.5
20140405,38.66,7.98,5.52
20140406,31.96,8.11,4.87
20140407,33.88,6.75,5.45
20140408,34.9,6.74,5.13
20140409,30.31,6.84,5.16
20140410,23.48,5.88,4.44
20140411,22.39,5.32,4.51
20140412,22.42,5.84,4.84
20140413,26.61,8.08,5.82
20140414,29.95,6.74,5.4
20140415,30.67,5.92,4.62
20140416,27.72,5.48,4.5
20140417,30.79,6.57,5.21
20140418,28.8,6.64,5.07
20140419,24.53,6.57,4.69
20140420,29.9,7.11,5.02
20140421,27.68,5.9,4.6
20140422,30.91,8.02,5.34
20140423,30.02,5.5,4.02
20140424,32.41,6.32,4.65
20140425,33.54,6.62,4.92
20140426,39.19,9.32,5.45
20140427,41.81,10.52,5.59
20140428,42.56,9.09,5.13
20140429,38.75,8.68,5.18
20140430,31.85,7.97,4.28
20140501,37.73,7.87,5.44
20140502,38.49,8.65,4.44
20140503,38.72,8.25,4.2
20140504,33.38,8.3,3.97
20140505,34.83,11.1,4.85
20140506,35.59,8.8,4.55
20140507,29.09,6.87,4.09
20140508,25.28,5.39,3.44
20140509,21.11,4.56,2.83
20140510,17.43,4.59,2.91
20140511,21.13,7.29,3.86
20140512,19.9,5.67,3.52
20140513,16.52,4.13,3.11
20140514,18.61,4.76,3.16
20140515,27.15,8.51,4.15
20140516,21.97,5.23,3.68
20140517,20.24,4.93,3.61
20140518,21.27,6.15,4.31
20140519,24.94,7.48,4.24
20140520,26.54,6.49,4.03
20140521,22.64,4.4,2.97
20140522,18.16,4.47,3.28
20140523,14.65,3.94,3.5
20140524,16.73,4.3,3.41
20140525,16.51,4.14,3.3
20140526,19.82,5.88,3.82
20140527,23.79,6.08,4.09
20140528,24.18,6.12,4.66
20140529,19.22,3.97,4.0
20140530,22.19,4.74,3.87
20140531,22.86,4.51,3.46
20140601,23.94,4.6,3.43
20140602,24.39,4.32,3.27
20140603,23.08,4.13,3.2
20140604,24.36,4.54,3.47
20140605,25.84,6.0,3.91
20140606,27.28,6.5,4.42
20140607,36.95,11.31,4.54
20140608,38.13,9.35,4.66
20140609,20.73,4.73,4.12
20140610,19.42,5.9,4.53
20140611,32.25,9.81,4.31
20140612,43.55,10.08,4.88
20140613,42.37,8.66,4.45
20140614,37.01,7.05,4.16
20140615,31.63,6.48,3.97
20140616,19.78,5.93,4.17
20140617,20.58,6.28,4.04
20140618,18.85,6.9,5.03
20140619,13.19,4.69,3.58
20140620,11.46,4.9,3.57
20140621,14.41,6.27,3.94
20140622,19.19,7.06,4.07
20140623,25.93,7.45,4.93
20140624,23.45,6.1,4.1
20140625,16.05,5.09,3.84
20140626,13.14,4.82,3.77
20140627,14.58,4.99,4.01
20140628,16.97,5.46,4.54
20140629,23.65,8.86,4.76
20140630,27.19,9.44,4.59
20140701,26.51,7.37,4.83
20140702,21.01,5.97,4.6
20140703,16.11,4.63,3.94
20140704,17.89,6.43,3.89
20140705,23.2,6.6,4.13
20140706,20.94,5.02,3.96
20140707,21.17,5.07,4.44
20140708,22.94,5.66,4.48
20140709,23.91,5.54,4.26
20140710,22.32,4.91,3.91
20140711,21.43,5.5,4.1
20140712,19.61,5.52,4.23
20140713,24.34,8.5,4.33
20140714,20.72,7.83,4.48
20140715,14.9,5.04,4.09
20140716,11.8,4.23,3.82
20140717,12.78,3.95,3.89
20140718,19.63,6.45,4.33
20140719,21.35,7.83,4.62
20140720,19.22,9.08,4.29
20140721,13.98,7.2,4.36
20140722,14.26,5.71,4.68
20140723,17.07,5.82,4.88
20140724,18.43,6.17,4.69
20140725,19.59,6.04,5.2
20140726,23.22,7.17,4.99
20140727,28.59,8.6,5.47
20140728,29.39,8.49,4.77
20140729,24.22,6.2,4.8
20140730,19.53,5.03,4.51
20140731,17.79,4.83,4.48
20140801,16.0,4.81,4.49
20140802,18.68,6.84,4.7
20140803,19.7,6.65,4.78
20140804,18.59,5.75,4.74
20140805,18.12,5.59,4.83
20140806,18.49,5.03,4.24
20140807,20.86,5.77,4.46
20140808,19.21,5.7,4.45
20140809,15.33,4.91,4.16
20140810,14.39,4.88,3.83
20140811,15.02,5.24,3.7
20140812,21.81,8.56,4.25
20140813,35.76,13.36,4.37
20140814,45.68,15.55,5.24
20140815,48.5,16.92,5.13
20140816,25.42,7.3,4.55
20140817,14.71,4.37,3.97
20140818,18.04,7.98,4.8
20140819,33.87,14.79,4.95
20140820,45.05,14.19,5.06
20140821,38.81,10.05,4.72
20140822,22.9,6.14,4.03
20140823,14.64,4.25,3.87
20140824,19.38,6.7,4.55
20140825,35.05,11.59,5.64
20140826,29.05,7.88,4.84
20140827,22.25,5.97,4.43
20140828,18.96,5.52,4.35
20140829,18.72,7.19,4.91
20140830,16.69,5.69,4.08
20140831,16.65,4.81,4.33
20140901,17.87,5.11,4.67
20140902,20.4,6.1,4.9
20140903,20.66,7.01,5.03
20140904,20.04,6.12,4.36
20140905,22.1,7.01,4.37
20140906,22.77,6.51,4.27
20140907,21.1,7.12,4.2
20140908,19.43,6.43,4.29
20140909,17.42,5.28,4.22
20140910,17.44,4.99,4.59
20140911,14.89,4.4,4.27
20140912,14.73,4.23,4.2
20140913,18.2,5.13,4.44
20140914,22.29,6.01,4.63
20140915,27.4,7.17,4.73
20140916,31.43,10.47,5.1
20140917,26.58,12.97,5.02
20140918,23.97,11.44,4.94
20140919,26.41,10.53,5.47
20140920,25.87,8.58,5.35
20140921,25.7,8.15,5.61
20140922,26.17,8.24,4.86
20140923,27.84,8.05,5.05
20140924,28.3,9.85,5.38
20140925,35.08,9.41,4.79
20140926,31.75,7.41,3.97
20140927,27.45,6.46,3.97
20140928,24.07,6.11,4.14
20140929,25.62,7.32,4.68
20140930,29.91,8.52,5.4
20141001,26.54,6.67,4.3
20141002,26.78,8.71,4.14
20141003,27.1,7.34,4.22
20141004,23.78,7.53,4.02
20141005,33.22,18.32,3.92
20141006,31.52,15.38,4.47
20141007,34.43,14.03,5.62
20141008,35.95,11.75,4.77
20141009,35.46,10.14,4.47
20141010,35.35,8.75,4.05
20141011,35.47,9.12,4.34
20141012,37.22,11.78,5.18
20141013,41.21,14.44,5.75
20141014,40.13,11.95,5.27
20141015,40.89,11.51,4.7
20141016,38.25,10.52,4.48
20141017,36.77,9.73,4.31
20141018,34.75,8.94,4.18
20141019,31.68,7.84,3.79
20141020,27.34,7.0,4.16
20141021,30.04,10.32,5.32
20141022,37.98,14.47,6.03
20141023,35.3,13.41,4.69
20141024,32.37,11.12,4.85
20141025,30.11,9.5,4.87
20141026,30.46,9.41,5.14
20141027,30.23,8.86,5.15
20141028,24.19,7.19,4.89
20141029,19.89,6.19,5.31
20141030,24.09,6.04,4.93
20141031,20.52,5.95,5.27
20141101,20.37,6.69,5.07
20141102,25.69,13.77,6.33
20141103,29.57,15.63,6.49
20141104,25.54,10.84,4.84
20141105,23.58,9.34,4.84
20141106,29.9,12.3,6.34
20141107,26.18,9.97,5.72
20141108,24.89,10.4,5.44
20141109,19.33,8.28,5.09
20141110,18.59,8.2,5.64
20141111,22.14,9.46,5.89
20141112,26.92,11.2,5.74
20141113,27.44,12.34,5.94
20141114,27.05,10.04,5.08
20141115,27.68,11.08,6.44
20141116,30.58,13.93,6.64
20141117,31.5,12.72,6.53
20141118,32.38,13.12,6.47
20141119,31.31,12.36,5.43
20141120,28.64,10.74,5.54
20141121,24.87,8.65,5.35
20141122,24.36,8.72,5.4
20141123,22.7,8.03,5.37
20141124,20.82,7.66,6.23
20141125,21.88,8.47,6.93
20141126,22.76,7.69,6.15
20141127,19.17,7.08,6.21
20141128,19.4,7.51,6.81
20141129,16.87,6.44,6.39
20141130,22.04,11.46,9.45
20141201,33.61,22.29,9.9
20141202,29.81,15.41,7.72
20141203,27.36,13.37,8.67
20141204,33.85,17.51,9.62
20141205,31.85,15.18,7.77
20141206,26.03,12.44,7.8
20141207,28.84,15.16,10.04
20141208,36.56,17.69,10.42
20141209,31.41,15.12,8.83
20141210,30.44,14.17,9.68
20141211,29.5,14.03,7.65
20141212,31.77,13.49,8.33
20141213,33.94,12.44,8.22
20141214,30.02,11.58,8.93
20141215,28.76,10.75,9.57
20141216,31.68,14.59,9.64
20141217,34.99,17.35,10.41
20141218,31.89,13.12,9.05
20141219,31.39,10.31,8.4
20141220,35.72,11.73,10.45
20141221,37.38,17.9,11.43
20141222,46.31,18.98,10.68
20141223,41.91,15.81,10.35
20141224,42.62,13.06,10.29
20141225,37.21,12.07,10.56
20141226,35.03,10.98,9.31
20141227,36.34,12.31,9.2
20141228,40.91,17.9,11.14
20141229,47.9,21.75,13.31
20141230,36.74,15.29,11.71
20141231,43.29,17.79,14.34
20150101,48.53,17.7,12.77
20150102,41.71,14.92,10.19
20150103,39.92,11.55,10.15
20150104,35.34,10.35,11.03
20150105,26.74,8.99,9.11
20150106,24.65,9.78,8.96
20150107,32.86,12.17,10.03
20150108,36.45,14.3,11.03
20150109,26.31,13.67,9.87
20150110,30.85,15.36,8.75
20150111,29.89,12.83,7.21
20150112,36.06,16.99,8.81
20150113,42.77,18.11,10.11
20150114,40.6,16.31,9.56
20150115,38.8,13.62,9.67
20150116,37.37,12.06,11.26
20150117,39.58,12.29,11.22
20150118,35.56,13.77,9.83
20150119,34.05,17.17,9.33
20150120,30.75,12.72,7.3
20150121,34.08,13.28,9.0
20150122,30.12,10.66,9.52
20150123,28.28,8.11,9.23
20150124,25.03,6.73,8.52
20150125,25.07,7.09,9.42
20150126,27.78,9.01,9.83
20150127,27.16,8.8,10.29
20150128,24.02,8.14,9.81
20150129,25.88,8.27,9.74
20150130,32.11,8.56,9.66
20150131,30.76,8.54,7.85
20150201,33.12,9.73,8.7
20150202,32.93,8.93,9.15
20150203,32.2,9.08,10.46
20150204,29.74,10.41,10.71
20150205,30.88,9.57,10.09
20150206,31.3,9.52,9.21
20150207,33.54,9.07,10.86
20150208,36.11,11.1,10.5
20150209,41.63,10.26,10.73
20150210,36.25,8.98,10.29
20150211,33.14,8.51,10.28
20150212,38.4,9.39,10.67
20150213,39.67,7.99,9.51
20150214,26.25,6.22,6.27
20150215,30.26,7.12,7.41
20150216,34.93,8.27,8.04
20150217,31.08,6.76,6.75
20150218,36.12,7.1,6.17
20150219,43.09,7.84,5.04
20150220,29.78,6.02,4.71
20150221,25.7,6.43,4.79
20150222,24.44,5.73,5.0
20150223,22.76,5.27,5.17
20150224,22.76,5.72,5.94
20150225,25.31,6.5,6.23
20150226,31.47,6.5,6.51
20150227,32.81,6.17,6.79
20150228,33.63,7.16,7.75
20150301,35.84,9.23,8.38
20150302,33.79,6.62,7.44
20150303,31.93,7.85,7.34
20150304,31.38,6.84,7.24
20150305,27.02,6.12,6.12
20150306,26.28,6.03,7.31
20150307,31.2,5.97,7.75
20150308,33.17,5.69,8.52
20150309,39.3,7.91,11.43
20150310,45.15,7.91,11.82
20150311,52.14,8.95,12.39
20150312,37.46,7.69,11.52
20150313,44.99,7.33,13.21
20150314,54.98,8.11,13.82
20150315,48.39,7.69,11.17
20150316,43.5,7.88,11.44
20150317,35.33,6.17,9.07
20150318,40.24,6.76,11.12
20150319,44.55,7.85,12.25
20150320,44.9,8.63,11.77
20150321,52.25,9.56,11.87
20150322,64.93,9.21,12.65
20150323,62.34,10.17,12.27
20150324,45.05,11.13,10.28
20150325,32.4,9.29,8.45
20150326,33.91,8.18,7.45
20150327,31.24,9.22,8.28
20150328,32.23,7.98,8.2
20150329,31.24,7.37,7.5
20150330,30.68,6.66,8.34
20150331,33.3,6.2,8.48
20150401,32.59,5.36,7.39
20150402,26.68,5.69,7.61
20150403,20.82,5.9,5.69
20150404,21.3,6.02,6.5
20150405,25.35,6.49,6.85
20150406,31.73,7.37,7.4
20150407,30.14,8.82,6.9
20150408,31.68,9.5,7.67
20150409,32.16,8.07,6.72
20150410,28.79,8.58,6.45
20150411,26.24,7.9,6.29
20150412,26.4,12.26,7.11
20150413,29.75,13.68,8.83
20150414,35.61,11.48,8.96
20150415,31.02,6.8,7.01
20150416,34.1,7.59,10.11
20150417,32.98,5.94,6.79
20150418,29.72,6.7,6.19
20150419,24.21,6.06,5.16
20150420,20.82,6.8,5.18
20150421,27.86,7.67,7.43
20150422,24.67,9.66,6.72
20150423,24.86,9.48,6.83
20150424,26.63,8.86,7.07
20150425,31.46,10.23,8.74
20150426,29.04,8.75,7.56
20150427,24.09,7.27,6.9
20150428,22.88,5.93,6.89
20150429,25.06,7.9,7.68
20150430,25.02,7.23,7.51
20150501,22.54,5.93,6.21
20150502,24.58,6.86,6.51
20150503,26.86,6.41,6.11
20150504,29.05,8.47,6.92
20150505,28.94,6.92,7.05
20150506,28.48,6.9,7.25
20150507,30.01,6.43,7.34
20150508,29.67,7.23,6.47
20150509,29.08,8.04,6.33
20150510,26.84,6.7,6.07
20150511,29.47,8.65,6.69
20150512,29.6,7.69,6.09
20150513,25.88,7.01,4.9
20150514,26.76,8.09,4.86
20150515,28.72,8.86,5.11
20150516,28.18,10.21,5.2
20150517,26.54,9.44,4.82
20150518,22.02,9.04,4.92
20150519,19.19,7.38,4.83
20150520,18.14,7.81,4.41
20150521,19.64,7.24,5.08
20150522,18.4,7.34,4.85
20150523,20.77,8.75,4.4
20150524,23.38,7.7,4.49
20150525,21.26,6.73,4.55
20150526,19.28,6.22,4.51
20150527,18.43,5.97,4.37
20150528,18.55,5.65,4.51
20150529,19.08,5.28,4.19
20150530,23.68,7.48,4.45
20150531,21.08,5.92,4.2
20150601,18.95,4.64,3.71
20150602,18.36,4.91,4.15
20150603,18.84,5.42,4.18
20150604,19.78,5.97,4.23
20150605,21.87,7.68,4.48
20150606,17.38,4.73,4.17
20150607,14.24,4.27,3.89
20150608,15.46,5.76,3.98
20150609,17.89,5.99,4.31
20150610,16.94,5.46,4.15
20150611,23.42,8.32,5.43
20150612,22.43,8.42,5.47
20150613,12.71,4.22,3.79
20150614,15.2,5.17,4.32
20150615,16.02,4.11,4.38
20150616,13.57,3.99,3.7
20150617,13.25,4.48,3.82
20150618,13.57,4.78,4.46
20150619,16.22,5.37,5.26
20150620,13.25,3.62,4.45
20150621,14.09,6.02,4.38
20150622,14.45,5.61,4.39
20150623,11.69,4.22,4.28
20150624,12.27,3.99,4.28
20150625,13.54,4.43,4.37
20150626,11.54,3.98,4.1
20150627,9.04,3.71,3.13
20150628,9.22,3.26,3.14
20150629,10.02,2.88,3.23
20150630,11.21,3.19,3.65
20150701,12.6,4.21,4.17
20150702,13.46,4.23,4.36
20150703,16.06,5.21,4.32
20150704,18.92,7.74,5.07
20150705,21.76,11.38,5.53
20150706,27.05,14.82,5.53
20150707,31.83,11.24,5.56
20150708,33.64,11.22,5.58
20150709,33.98,9.29,5.63
20150710,31.7,11.46,5.04
20150711,34.48,12.07,6.65
20150712,30.04,7.98,6.14
20150713,26.15,6.19,5.2
20150714,23.35,5.72,4.72
20150715,16.96,5.41,4.53
20150716,19.94,8.12,5.59
20150717,23.69,9.02,6.0
20150718,26.17,10.33,6.74
20150719,27.59,8.56,6.66
20150720,29.01,9.96,7.02
20150721,25.72,6.47,6.0
20150722,12.88,4.45,4.2
20150723,15.74,6.14,4.14
20150724,23.69,9.78,5.59
20150725,24.19,9.5,5.63
20150726,27.48,9.67,6.3
20150727,23.79,7.45,6.17
20150728,17.55,6.58,5.37
20150729,14.97,6.46,4.91
20150730,13.5,5.42,4.78
20150731,13.37,5.03,4.7
20150801,13.5,6.1,4.71
20150802,16.89,7.68,4.91
20150803,16.02,7.09,4.73
20150804,15.15,6.15,4.27
20150805,15.39,5.55,4.53
20150806,18.08,5.88,4.92
20150807,19.44,7.47,5.66
20150808,17.53,6.47,5.03
20150809,20.81,9.27,5.61
20150810,27.96,11.59,5.75
20150811,25.41,8.01,5.17
20150812,20.7,6.24,4.84
20150813,19.72,5.82,5.15
20150814,19.96,5.65,4.75
20150815,15.23,4.82,4.6
20150816,12.67,4.67,4.14
20150817,10.2,3.99,3.77
20150818,10.48,4.12,3.87
20150819,16.32,7.37,5.17
20150820,24.38,13.14,5.27
20150821,28.62,12.03,6.4
20150822,31.29,13.2,6.88
20150823,30.07,8.73,6.72
20150824,23.72,6.09,5.8
20150825,17.62,5.55,4.75
20150826,18.5,6.34,5.39
20150827,18.02,5.41,4.83
20150828,16.2,8.12,4.95
20150829,23.88,11.89,5.37
20150830,27.24,12.02,5.14
20150831,27.86,8.99,6.52
20150901,29.8,9.18,6.59
20150902,33.82,10.33,6.57
20150903,29.14,8.84,5.25
20150904,20.91,7.24,4.63
20150905,17.61,6.1,4.24
20150906,17.94,6.51,4.7
20150907,22.88,9.23,5.2
20150908,19.98,7.76,4.67
20150909,19.47,7.93,5.24
20150910,20.39,7.3,4.91
20150911,20.64,7.3,4.89
20150912,22.85,11.19,5.2
20150913,25.4,14.45,4.96
20150914,28.93,11.34,5.08
20150915,28.24,10.53,6.13
20150916,27.6,8.97,5.72
20150917,24.77,8.17,6.24
20150918,17.11,6.82,5.9
20150919,11.74,5.78,4.96
20150920,10.48,6.73,4.72
20150921,10.89,4.72,4.59
20150922,13.66,6.42,5.03
20150923,19.28,8.52,5.24
20150924,15.76,5.93,4.55
20150925,18.15,7.0,5.27
20150926,20.28,8.05,5.32
20150927,19.38,7.18,4.47
20150928,18.96,7.83,4.59
20150929,21.33,7.59,5.15
20150930,23.23,7.27,5.54
20151001,23.8,9.55,5.19
20151002,23.66,11.58,4.72
20151003,26.24,8.76,4.52
20151004,26.73,9.9,4.98
20151005,25.07,12.39,5.06
20151006,26.67,12.54,5.39
20151007,26.4,10.11,5.02
20151008,26.32,10.88,5.73
20151009,20.46,13.62,6.14
20151010,19.54,13.26,5.09
20151011,23.31,14.24,5.74
20151012,27.61,14.37,7.14
20151013,25.98,10.18,6.5
20151014,28.46,9.77,5.98
20151015,30.71,10.85,6.14
20151016,29.18,10.25,5.73
20151017,26.22,8.04,5.19
20151018,24.82,9.06,5.23
20151019,26.76,11.18,5.96
20151020,28.39,10.01,6.82
20151021,26.84,8.17,6.7
20151022,28.57,7.89,5.83
20151023,29.42,8.5,5.91
20151024,28.24,8.17,5.85
20151025,27.89,7.71,6.03
20151026,27.31,7.93,6.25
20151027,26.74,9.08,5.97
20151028,22.88,6.65,6.29
20151029,21.22,6.28,6.82
20151030,25.1,9.04,8.23
20151031,22.98,9.82,8.08
20151101,24.73,13.99,9.09
20151102,26.4,13.18,7.03
20151103,20.02,9.09,4.96
20151104,20.52,8.59,5.24
20151105,20.38,7.73,5.39
20151106,18.28,6.94,5.68
20151107,19.17,6.49,6.39
20151108,17.68,6.89,6.6
20151109,20.32,7.51,7.38
20151110,20.99,8.52,7.75
20151111,21.34,9.81,8.3
20151112,17.26,8.04,6.49
20151113,17.36,7.98,6.83
20151114,16.59,6.84,6.77
20151115,14.26,5.65,5.88
20151116,15.76,5.63,6.5
20151117,14.86,5.21,7.12
20151118,16.72,7.14,8.67
20151119,16.98,6.68,8.5
20151120,18.35,8.31,8.32
20151121,20.78,7.67,7.56
20151122,21.07,7.26,7.76
20151123,21.11,7.46,7.33
20151124,20.09,8.81,8.13
20151125,27.14,14.51,10.55
20151126,31.2,15.0,9.53
20151127,25.78,11.1,7.08
20151128,21.45,9.32,6.15
20151129,21.43,7.86,7.02
20151130,21.58,6.74,6.72
20151201,17.98,6.47,6.42
20151202,25.0,11.03,8.98
20151203,27.95,13.25,9.55
20151204,18.05,9.99,7.56
20151205,17.14,7.72,5.45
20151206,23.41,10.29,7.19
20151207,27.44,12.38,7.91
20151208,25.4,11.08,7.51
20151209,22.02,9.15,7.02
20151210,24.79,8.11,8.44
20151211,21.63,6.79,7.88
20151212,19.67,7.01,7.08
20151213,25.6,9.34,8.39
20151214,29.94,10.75,9.59
20151215,31.77,12.05,9.34
20151216,30.74,13.99,9.31
20151217,31.24,15.35,7.85
20151218,28.37,11.55,7.11
20151219,23.47,10.1,6.2
20151220,21.19,8.03,6.07
20151221,22.18,6.99,6.51
20151222,22.97,7.64,7.45
20151223,20.98,7.16,7.73
20151224,20.54,8.21,8.69
20151225,32.64,11.74,10.0
20151226,33.21,10.45,8.15
20151227,33.48,9.79,9.03
20151228,30.06,11.4,8.97
20151229,27.57,11.58,10.03
20151230,30.57,12.05,9.41
20151231,38.65,11.35,9.01
20160101,34.51,11.69,7.83
20160102,24.48,8.71,6.3
20160103,26.49,8.26,7.05
20160104,23.79,7.54,7.95
20160105,23.57,7.59,8.71
20160106,25.02,7.66,10.17
20160107,26.05,7.88,8.66
20160108,25.88,8.2,8.98
20160109,25.35,6.98,8.42
20160110,24.73,7.15,7.94
20160111,27.51,9.19,9.74
20160112,28.22,7.98,9.43
20160113,27.07,8.14,8.93
20160114,28.45,8.63,8.78
20160115,24.79,7.61,8.08
20160116,22.65,6.54,7.71
20160117,27.26,10.85,9.02
20160118,32.47,9.85,10.32
20160119,32.18,9.05,8.6
20160120,30.87,8.38,9.43
20160121,30.47,7.18,9.37
20160122,24.33,7.0,7.65
20160123,27.02,11.54,9.85
20160124,31.24,13.99,7.91
20160125,34.22,12.43,6.62
20160126,33.31,10.41,7.0
20160127,25.01,8.76,6.19
20160128,22.03,6.47,6.38
20160129,26.91,8.73,7.91
20160130,31.1,7.5,8.39
20160131,31.97,7.82,8.56
20160201,34.8,10.31,8.78
20160202,41.06,9.93,8.61
20160203,31.46,7.13,7.68
20160204,29.63,7.89,7.9
20160205,34.38,8.42,7.93
20160206,39.05,11.34,7.76
20160207,44.74,16.45,6.73
20160208,52.92,13.56,5.36
20160209,35.54,8.26,4.95
20160210,30.97,6.87,4.21
20160211,29.69,5.89,4.52
20160212,28.58,6.17,4.33
20160213,28.35,6.0,5.22
20160214,24.07,6.88,6.43
20160215,25.76,8.3,6.77
20160216,28.81,7.17,6.69
20160217,30.75,7.31,7.5
20160218,31.17,6.74,7.18
20160219,38.69,7.97,8.79
20160220,42.19,10.68,9.54
20160221,38.47,8.87,6.75
20160222,41.19,8.37,7.22
20160223,39.61,9.47,10.03
20160224,32.07,10.66,8.74
20160225,29.74,10.87,7.97
20160226,24.74,10.88,6.91
20160227,31.28,11.57,9.01
20160228,28.04,8.45,7.8
20160301,27.54,9.49,8.34
20160302,33.07,8.56,7.75
20160303,31.74,6.66,8.44
20160304,35.71,7.27,9.0
20160305,37.72,9.31,9.53
20160306,39.07,7.53,9.6
20160307,42.45,7.3,9.63
20160308,37.26,7.86,8.92
20160309,34.46,8.33,8.77
20160310,35.49,9.77,9.31
20160311,36.97,8.69,9.58
20160312,37.05,7.51,8.43
20160313,37.86,7.47,7.82
20160314,38.96,8.23,8.64
20160315,37.91,6.78,8.17
20160316,39.08,6.24,8.82
20160317,38.21,6.41,8.38
20160318,29.15,5.46,9.33
20160319,41.42,6.13,11.0
20160320,47.21,7.04,9.66
20160321,46.62,7.48,9.94
20160322,43.1,6.95,9.46
20160323,32.01,9.02,8.78
20160324,29.59,13.15,8.68
20160325,27.19,12.7,7.57
20160326,32.56,10.61,9.52
20160327,36.92,11.27,9.42
20160328,45.64,8.42,7.56
20160329,49.88,6.79,9.18
20160330,35.77,5.72,8.6
20160331,39.21,5.91,9.66
20160401,38.07,6.0,7.91
20160402,37.25,6.31,7.61
20160403,27.37,5.53,6.43
20160404,26.74,6.18,7.94
20160405,36.88,6.15,8.05
20160406,32.17,5.53,6.79
20160407,21.94,6.44,7.38
20160408,27.33,5.94,8.7
20160409,27.36,5.82,7.6
20160410,24.65,5.78,7.32
20160411,30.07,6.81,9.04
20160412,32.62,6.19,9.06
20160413,34.93,6.12,10.31
20160414,31.11,5.62,7.73
20160415,28.62,5.39,8.05
20160416,25.94,5.67,7.99
20160417,31.35,6.74,6.95
20160418,23.94,9.15,7.89
20160419,28.5,6.23,6.75
20160420,24.46,5.98,6.34
20160421,31.7,5.64,8.73
20160422,24.37,5.69,6.69
20160423,19.48,5.92,6.87
20160424,19.72,5.83,5.83
20160425,18.75,5.19,5.88
20160426,19.42,5.37,5.99
20160427,26.72,7.83,7.43
20160428,30.94,7.33,7.94
20160429,34.1,7.7,8.46
20160430,31.17,6.82,7.18
20160501,29.51,5.69,5.63
20160502,25.04,6.13,5.32
20160503,29.93,7.59,7.05
20160504,23.06,5.39,4.88
20160505,24.5,5.59,5.62
20160506,25.59,5.61,5.69
20160507,22.92,6.26,4.61
20160508,23.39,6.63,5.08
20160509,21.85,6.28,5.11
20160510,24.25,8.56,6.02
20160511,23.63,7.21,5.59
20160512,27.91,6.64,6.03
20160513,28.73,6.93,5.25
20160514,23.46,5.48,4.48
20160515,24.95,6.73,5.58
20160516,28.87,8.76,5.01
20160517,25.97,8.19,4.91
20160518,20.48,5.85,5.07
20160519,17.4,4.45,4.43
20160520,20.46,6.86,4.82
20160521,24.15,6.93,5.88
20160522,18.25,7.77,5.51
20160523,17.18,7.95,5.61
20160524,21.61,11.23,5.97
20160525,20.53,7.57,4.96
20160526,19.11,6.56,4.62
20160527,19.66,6.77,4.47
20160528,20.87,5.73,4.65
20160529,22.5,6.66,4.61
20160530,21.64,6.09,4.25
20160531,18.02,4.9,3.55
20160601,17.65,4.69,3.68
20160602,15.98,4.63,3.8
20160603,16.87,4.92,3.97
20160604,17.44,5.24,4.92
20160605,18.64,6.04,4.62
20160606,22.49,6.57,5.77
20160607,19.57,5.16,4.63
20160608,20.79,7.49,5.54
20160609,19.2,6.32,4.72
20160610,13.85,4.95,3.99
20160611,14.9,5.93,4.35
20160612,18.19,7.2,4.64
20160613,18.27,6.07,4.66
20160614,15.87,4.72,4.0
20160615,15.66,6.18,4.1
20160616,20.12,9.35,5.27
20160617,15.81,6.98,4.47
20160618,10.95,3.76,3.58
20160619,10.42,3.38,3.28
20160620,11.37,3.9,3.66
20160621,11.76,3.45,4.14
20160622,11.44,3.23,4.02
20160623,11.45,3.26,3.68
20160624,13.66,3.91,4.12
20160625,16.15,4.97,4.3
20160626,16.93,5.6,4.13
20160627,15.27,5.62,4.04
20160628,13.03,4.55,4.06
20160629,14.2,5.11,4.55
20160630,14.61,4.31,4.42
20160701,15.68,4.98,4.11
20160702,12.55,3.91,4.99
20160703,8.79,3.21,3.75
20160704,8.34,3.57,3.61
20160705,12.86,5.23,4.43
20160706,14.37,6.43,5.08
20160707,13.33,5.18,4.39
20160708,13.96,4.88,4.13
20160709,13.93,5.17,4.33
20160710,13.07,4.61,4.49
20160711,12.38,4.08,4.52
20160712,12.17,4.17,4.69
20160713,13.01,4.25,4.44
20160714,14.03,4.23,4.28
20160715,12.26,4.2,4.2
20160716,11.15,3.98,4.05
20160717,10.81,3.84,3.76
20160718,11.97,4.09,3.57
20160719,12.89,4.35,3.76
20160720,13.15,5.28,4.28
20160721,11.46,4.13,3.86
20160722,10.09,3.7,3.56
20160723,8.91,3.08,3.56
20160724,8.14,2.99,3.78
20160725,9.43,4.17,4.45
20160726,12.19,4.44,4.91
20160727,14.45,5.08,5.25
20160728,16.59,6.32,5.22
20160729,17.15,7.12,5.11
20160730,15.37,5.83,4.57
20160731,14.13,4.97,5.01
20160801,13.63,5.47,5.01
20160802,16.68,6.67,5.78
20160803,22.45,10.54,6.07
20160804,23.8,11.95,6.13
20160805,19.39,8.18,5.42
20160806,17.13,6.62,4.79
20160807,16.76,6.43,4.96
20160808,20.64,7.98,5.69
20160809,17.99,6.73,4.99
20160810,18.14,5.99,4.99
20160811,21.43,8.2,5.6
20160812,29.88,13.58,6.33
20160813,29.82,15.33,6.22
20160814,27.43,12.77,5.59
20160815,25.03,11.81,6.09
20160816,23.55,10.93,5.88
20160817,24.03,8.91,5.23
20160818,22.72,7.9,5.01
20160819,23.95,9.32,5.32
20160820,20.17,9.28,4.88
20160821,19.09,7.23,5.01
20160822,23.53,8.55,6.11
20160823,27.32,10.3,6.0
20160824,31.35,10.46,5.65
20160825,32.57,9.93,6.04
20160826,36.04,13.02,7.36
20160827,34.68,15.42,6.8
20160828,31.25,13.67,5.6
20160829,29.97,12.93,5.01
20160830,25.33,9.89,4.92
20160831,19.41,6.2,4.51
20160901,15.2,5.69,4.55
20160902,20.38,8.58,5.49
20160903,26.04,11.17,6.46
20160904,21.72,7.02,5.35
20160905,24.08,7.83,6.14
20160906,26.28,7.76,5.74
20160907,24.26,8.33,5.4
20160908,23.02,8.69,5.28
20160909,19.17,7.03,4.95
20160910,19.71,11.14,5.58
20160911,25.99,13.61,6.51
20160912,35.97,14.83,8.25
20160913,37.51,12.53,7.21
20160914,30.68,11.06,6.19
20160915,27.52,9.33,5.04
20160916,27.84,9.79,4.47
20160917,29.32,9.3,5.68
20160918,36.26,10.54,5.04
20160919,41.76,12.51,5.11
20160920,31.33,13.51,6.42
20160921,39.77,15.62,6.85
20160922,36.37,12.39,6.91
20160923,35.52,9.62,6.17
20160924,32.29,7.9,5.98
20160925,27.81,6.84,5.63
20160926,24.69,6.83,5.84
20160927,24.38,8.26,6.24
20160928,26.24,13.9,6.35
20160929,28.89,16.43,6.79
20160930,31.48,13.86,6.95
20161001,30.46,11.41,6.42
20161002,29.48,13.78,6.28
20161003,30.28,14.07,7.65
20161004,29.12,11.71,6.97
20161005,32.53,13.67,7.44
20161006,32.4,11.15,6.17
20161007,31.98,10.45,5.69
20161008,30.16,11.68,6.71
20161009,30.33,10.99,6.08
20161010,27.29,10.13,5.48
20161011,25.68,9.93,5.4
20161012,26.67,10.95,6.24
20161013,28.28,11.47,6.17
20161014,27.73,9.6,5.29
20161015,23.93,7.97,5.48
20161016,22.67,7.96,5.6
20161017,24.8,12.96,6.86
20161018,27.89,15.93,6.93
20161019,29.58,16.91,7.45
20161020,27.61,14.92,7.57
20161021,25.55,10.63,6.61
20161022,24.41,8.21,6.37
20161023,24.55,7.84,6.33
20161024,24.54,9.46,6.12
20161025,24.2,9.66,5.67
20161026,19.85,7.52,4.87
20161027,16.18,5.57,4.74
20161028,15.88,6.63,5.92
20161029,19.97,9.64,7.4
20161030,22.54,12.06,7.7
20161031,22.21,9.19,7.07
20161101,23.54,11.84,7.28
20161102,22.07,11.35,6.92
20161103,21.19,10.32,6.54
20161104,20.53,8.34,6.0
20161105,19.47,7.36,6.09
20161106,19.75,6.66,5.92
20161107,21.03,9.05,6.53
20161108,20.08,11.27,7.03
20161109,20.96,12.13,6.83
20161110,24.2,12.41,6.89
20161111,23.56,11.8,6.54
20161112,17.74,7.97,5.55
20161113,16.63,6.15,6.18
20161114,15.69,5.99,7.05
20161115,19.66,7.33,7.48
20161116,20.41,6.7,7.79
20161117,19.75,6.96,8.3
20161118,18.15,5.97,8.59
20161119,17.64,5.97,8.21
20161120,18.19,5.88,8.39
20161121,18.17,6.23,9.36
20161122,21.17,9.1,10.37
20161123,24.78,12.71,11.39
20161124,26.46,13.47,9.15
20161125,21.5,9.35,7.92
20161126,24.6,12.7,10.6
20161127,30.27,14.77,11.61
20161128,29.05,12.17,10.09
20161129,25.3,9.89,8.19
20161130,24.53,10.26,8.52
20161201,29.79,13.6,9.96
20161202,25.07,11.38,7.56
20161203,21.83,9.43,7.36
20161204,22.04,8.49,7.62
20161205,24.47,9.81,11.69
20161206,31.42,15.69,12.91
20161207,34.33,15.02,10.63
20161208,35.96,13.39,11.7
20161209,37.01,12.65,12.75
20161210,33.68,11.16,10.95
20161211,31.28,9.76,9.42
20161212,20.62,7.02,9.88
20161213,27.67,11.28,11.66
20161214,26.82,11.41,10.71
20161215,28.86,13.25,10.94
20161216,32.05,14.93,10.75
20161217,27.68,11.75,8.33
20161218,25.44,9.64,7.73
20161219,21.63,7.96,8.47
20161220,21.78,7.2,8.18
20161221,24.39,9.32,10.46
20161222,30.5,14.14,12.2
20161223,28.28,12.59,9.98
20161224,24.5,10.07,7.7
20161225,20.85,7.47,7.49
20161226,20.07,7.94,9.34
20161227,27.16,13.03,10.86
20161228,28.92,12.29,8.93
20161229,27.91,12.46,9.43
20161230,27.46,10.75,8.82
20161231,29.29,9.43,8.95
20170101,29.56,10.97,9.48
20170102,26.88,8.41,9.68
20170103,25.22,7.5,9.43
20170104,19.37,6.88,7.87
20170105,20.99,7.36,7.17
20170106,20.76,6.82,6.99
20170107,20.47,5.96,7.38
20170108,21.52,6.35,8.39
20170109,22.0,6.59,8.48
20170110,22.71,7.81,7.96
20170111,22.07,8.94,9.69
20170112,21.47,9.48,8.94
20170113,26.2,9.51,8.84
20170114,23.12,7.54,8.16
20170115,24.18,7.49,8.72
20170116,25.1,7.21,8.74
20170117,24.61,7.44,8.34
20170118,23.27,6.6,8.03
20170119,23.22,6.82,9.23
20170120,24.41,7.81,9.25
20170121,25.42,7.96,8.45
20170122,28.44,8.51,8.08
20170123,27.07,8.47,7.33
20170124,27.19,8.25,6.35
20170125,28.9,8.29,6.55
20170126,30.43,7.87,6.01
20170127,32.68,7.86,4.91
20170128,38.35,7.87,4.05
20170129,22.89,6.34,4.08
20170130,25.99,8.15,5.15
20170131,25.34,8.1,4.65
20170201,25.76,7.3,5.6
20170202,25.92,7.16,5.69
20170203,23.98,6.15,6.41
20170204,20.71,5.4,7.17
20170205,20.23,5.37,8.97
20170206,22.02,5.11,8.86
20170207,22.24,5.06,7.8
20170208,27.05,7.49,8.75
20170209,32.29,9.24,9.72
20170210,30.52,8.45,8.71
20170211,31.58,9.32,8.06
20170212,32.36,9.32,7.38
20170213,35.18,9.17,8.08
20170214,38.29,8.57,7.85
20170215,37.13,8.11,8.28
20170216,28.27,6.72,8.68
20170217,30.35,6.3,10.49
20170218,34.03,6.23,10.04
20170219,31.73,5.6,9.61
20170220,38.48,6.7,11.24
20170221,37.24,6.27,8.6
20170222,33.54,6.02,9.84
20170223,32.93,6.83,10.65
20170224,30.17,6.46,9.58
20170225,27.01,6.49,8.93
20170226,32.14,8.33,9.57
20170227,31.86,8.4,8.9
20170228,35.3,7.67,7.66
20170301,38.47,9.61,11.61
20170302,44.53,12.01,10.3
20170303,41.26,8.26,9.25
20170304,44.1,8.28,10.34
20170305,44.59,8.29,10.17
20170306,44.9,10.04,11.65
20170307,37.97,8.2,10.74
20170308,33.95,8.75,10.54
20170309,31.55,7.89,9.4
20170310,32.53,8.24,9.11
20170311,35.41,6.6,12.03
20170312,22.7,4.63,7.41
20170313,20.02,4.54,6.06
20170314,24.89,6.28,9.04
20170315,29.74,5.91,9.73
20170316,31.81,5.7,10.58
20170317,37.93,6.09,11.49
20170318,42.0,6.78,11.67
20170319,39.5,6.39,10.31
20170320,34.97,5.64,10.67
20170321,36.33,5.81,8.29
20170322,24.2,4.43,7.88
20170323,29.25,4.71,10.62
20170324,42.29,5.8,11.51
20170325,49.98,8.44,12.41
20170326,40.79,9.07,10.43
20170327,35.18,8.57,8.89
20170328,28.01,6.87,7.23
20170329,38.4,7.1,9.71
20170330,43.3,7.38,10.54
20170331,30.17,8.94,8.75
20170401,29.9,11.5,10.91
20170402,25.5,9.14,6.84
20170403,28.06,7.15,5.28
20170404,24.47,5.82,5.36
20170405,23.86,5.25,6.89
20170406,21.16,5.12,7.49
20170407,25.2,4.95,9.06
20170408,28.6,4.81,8.07
20170409,28.77,4.69,7.65
20170410,35.57,5.6,8.97
20170411,39.37,6.24,9.62
20170412,43.09,6.95,9.82
20170413,46.7,7.99,9.29
20170414,46.5,6.61,8.14
20170415,46.84,5.66,8.11
20170416,42.64,4.89,8.28
20170417,20.6,5.88,6.89
20170418,17.0,6.09,5.68
20170419,19.2,4.42,6.48
20170420,27.81,5.75,7.91
20170421,24.65,7.36,7.46
20170422,26.02,8.9,7.26
20170423,25.72,6.13,6.81
20170424,21.66,5.64,6.42
20170425,22.86,5.57,7.09
20170426,26.03,7.7,8.55
20170427,29.15,8.82,9.08
20170428,31.32,9.36,7.68
20170429,30.42,7.63,6.55
20170430,29.8,6.09,6.32
20170501,28.03,5.63,6.13
20170502,26.17,5.46,5.81
20170503,23.93,5.28,5.28
20170504,26.21,7.48,7.55
20170505,32.25,6.77,7.87
20170506,31.37,7.47,6.55
20170507,27.77,6.44,6.59
20170508,23.13,5.94,6.15
20170509,25.8,6.25,7.29
20170510,27.09,5.83,6.5
20170511,24.85,5.92,5.21
20170512,21.71,6.67,5.91
20170513,24.28,6.78,6.71
20170514,26.36,6.38,5.3
20170515,24.59,7.99,5.37
20170516,25.42,10.97,5.87
20170517,25.55,10.08,6.77
20170518,22.49,7.18,5.75
20170519,21.38,6.22,5.22
20170520,23.08,5.62,5.14
20170521,22.71,6.03,6.04
20170522,22.77,5.96,6.22
20170523,24.98,7.64,6.3
20170524,24.91,7.9,6.03
20170525,26.68,10.64,5.8
20170526,26.36,12.68,6.07
20170527,32.61,11.48,7.64
20170528,32.8,9.9,6.95
20170529,30.81,7.88,5.45
20170530,32.99,7.22,4.86
20170531,19.73,5.51,4.03
20170601,16.15,4.74,3.71
20170602,16.4,4.6,4.61
20170603,15.37,4.3,4.06
20170604,15.53,4.46,4.02
20170605,14.9,4.82,4.39
20170606,19.21,6.24,5.87
20170607,23.65,8.71,6.43
20170608,22.32,6.54,4.96
20170609,17.65,5.19,4.49
20170610,14.72,5.19,3.94
20170611,11.39,4.09,4.3
20170612,11.08,4.21,4.42
20170613,16.02,5.94,4.61
20170614,14.31,5.17,4.87
20170615,16.02,6.43,5.06
20170616,13.95,6.75,4.44
20170617,16.17,5.88,4.62
20170618,16.6,5.68,4.93
20170619,17.92,5.87,5.19
20170620,19.69,6.18,5.45
20170621,14.84,4.64,5.22
20170622,13.12,4.49,5.07
20170623,12.49,4.32,4.9
20170624,12.23,4.16,4.46
20170625,13.94,5.05,4.79
20170626,16.31,5.56,5.32
20170627,15.19,5.21,5.87
20170628,13.14,4.69,5.24
20170629,11.63,4.53,4.78
20170630,11.24,4.08,4.59
20170701,10.57,3.68,4.89
20170702,10.51,3.93,5.23
20170703,12.04,4.38,5.5
20170704,18.22,6.34,5.85
20170705,15.3,5.08,5.15
20170706,10.92,3.83,4.32
20170707,11.55,3.78,4.71
20170708,14.0,4.53,4.83
20170709,13.1,4.34,5.12
20170710,17.97,5.58,6.36
20170711,26.14,8.03,8.8
20170712,23.64,7.3,6.76
20170713,17.17,6.06,5.73
20170714,15.27,5.27,5.3
20170715,15.11,4.84,5.59
20170716,16.16,6.18,6.26
20170717,14.32,6.34,6.0
20170718,13.61,6.23,5.6
20170719,13.07,4.84,5.06
20170720,11.32,4.21,4.88
20170721,12.97,5.03,5.09
20170722,12.92,5.39,5.29
20170723,13.6,5.38,5.42
20170724,15.27,5.2,5.77
20170725,15.0,4.8,5.65
20170726,16.35,5.08,5.38
20170727,17.3,4.65,5.62
20170728,19.2,5.04,6.63
20170729,22.25,6.23,5.66
20170730,24.42,5.49,6.16
20170731,22.46,4.96,6.01
20170801,19.44,4.17,5.48
20170802,20.67,5.11,5.73
20170803,22.07,5.64,5.74
20170804,24.41,6.66,5.99
20170805,22.76,9.58,6.45
20170806,19.24,7.94,5.53
20170807,14.13,5.32,4.93
20170808,11.84,3.85,4.67
20170809,13.06,4.13,5.37
20170810,13.05,4.0,6.49
20170811,10.71,3.55,4.99
20170812,10.96,3.96,4.69
20170813,12.14,3.99,4.95
20170814,12.65,4.15,5.5
20170815,15.29,4.39,6.04
20170816,18.48,7.5,6.07
20170817,21.62,8.08,4.69
20170818,16.82,5.95,4.45
20170819,13.15,4.36,4.52
20170820,13.87,4.28,4.61
20170821,14.77,4.46,4.96
20170822,15.15,4.67,5.21
20170823,17.84,6.56,6.75
20170824,22.84,11.11,6.97
20170825,17.9,8.91,5.68
20170826,14.14,6.46,5.4
20170827,14.52,5.33,5.45
20170828,18.13,5.9,5.79
20170829,19.63,9.0,6.68
20170830,17.9,8.53,6.06
20170831,15.77,6.58,5.32
20170901,14.63,5.54,4.99
20170902,11.77,4.31,4.48
20170903,12.72,4.63,4.71
20170904,14.38,4.87,4.74
20170905,15.86,6.43,4.94
20170906,17.76,7.89,4.66
20170907,21.03,9.67,5.03
20170908,18.88,6.93,4.89
20170909,17.43,5.82,4.43
20170910,17.82,6.89,4.47
20170911,18.85,9.27,6.53
20170912,25.2,10.09,7.43
20170913,23.72,8.63,5.7
20170914,24.19,8.51,5.81
20170915,25.64,11.22,6.22
20170916,24.5,9.95,6.34
20170917,17.99,6.87,5.34
20170918,12.54,4.91,5.1
20170919,10.92,4.84,4.96
20170920,13.72,6.07,5.36
20170921,16.55,6.93,5.75
20170922,18.03,6.75,5.85
20170923,19.38,6.28,5.48
20170924,19.43,6.03,5.41
20170925,19.54,5.17,5.9
20170926,20.27,5.83,6.09
20170927,17.66,5.99,5.28
20170928,18.7,6.95,6.05
20170929,19.74,6.94,6.05
20170930,18.55,6.34,5.78
20171001,17.58,5.97,5.0
20171002,17.45,5.83,5.21
20171003,17.36,5.7,5.19
20171004,14.49,5.92,5.4
20171005,15.54,6.46,5.01
20171006,18.41,6.62,5.6
20171007,19.83,6.56,5.79
20171008,18.69,6.55,5.86
20171009,19.62,6.91,6.27
20171010,20.57,8.18,8.38
20171011,18.97,11.31,8.03
20171012,19.22,11.6,7.57
20171013,18.97,12.36,6.97
20171014,19.52,10.25,7.1
20171015,20.45,10.59,7.77
20171016,20.38,14.31,8.26
20171017,21.2,13.19,8.47
20171018,22.49,11.61,9.18
20171019,21.19,9.45,7.37
20171020,20.64,8.19,7.25
20171021,18.97,8.48,7.5
20171022,22.6,11.62,7.37
20171023,20.02,11.66,7.07
20171024,22.44,12.7,7.11
20171025,21.98,10.47,6.54
20171026,23.82,10.11,7.11
20171027,24.31,9.47,6.81
20171028,27.98,9.49,7.45
20171029,29.99,12.6,10.59
20171030,33.77,14.76,11.13
20171031,33.54,12.49,9.37
20171101,29.68,9.95,9.03
20171102,29.16,8.7,9.08
20171103,29.65,13.09,10.39
20171104,29.86,14.97,10.59
20171105,34.39,15.38,13.77
20171106,35.54,12.23,11.98
20171107,33.63,10.52,11.79
20171108,33.51,13.03,11.91
20171109,26.62,9.91,9.83
20171110,19.87,7.42,8.67
20171111,18.41,7.53,9.11
20171112,18.29,7.24,9.65
20171113,17.67,7.02,10.3
20171114,19.31,6.41,9.75
20171115,20.97,7.06,10.36
20171116,19.95,7.54,9.94
20171117,13.92,5.45,8.76
20171118,19.34,9.8,11.43
20171119,20.77,11.97,9.98
20171120,20.51,10.85,10.39
20171121,19.95,10.29,7.88
20171122,21.91,9.65,9.56
20171123,21.59,10.46,9.5
20171124,25.04,12.53,10.45
20171125,26.04,10.22,9.18
20171126,24.87,9.19,8.27
20171127,19.9,8.13,7.18
20171128,17.72,7.33,7.41
20171129,19.67,7.19,8.09
20171130,21.43,8.22,10.7
20171201,25.03,11.78,9.88
20171202,22.21,9.96,8.6
20171203,18.94,8.39,8.86
20171204,25.42,10.36,10.9
20171205,27.53,12.64,10.35
20171206,24.24,11.1,9.74
20171207,23.24,9.14,11.04
20171208,24.77,11.57,12.21
20171209,26.81,11.88,11.79
20171210,25.61,9.63,11.15
20171211,22.19,9.47,10.2
20171212,19.76,8.3,8.34
20171213,16.19,6.55,8.3
20171214,16.73,6.93,9.09
20171215,19.39,7.24,8.88
20171216,25.11,10.69,10.92
20171217,30.51,14.82,11.19
20171218,28.5,12.55,8.76
20171219,31.25,13.97,11.59
20171220,31.0,15.26,13.59
20171221,31.87,14.36,16.6
20171222,31.67,10.65,14.47
20171223,31.7,9.91,13.4
20171224,45.42,13.22,15.77
20171225,50.08,15.56,16.27
20171226,44.21,12.95,14.58
20171227,45.69,11.5,14.1
20171228,29.11,8.7,9.87
20171229,26.23,8.22,11.07
20171230,26.79,10.44,11.16
20171231,29.77,13.14,10.61
20180101,23.83,11.68,9.24
20180102,22.45,10.04,10.08
20180103,18.22,6.61,8.76
20180104,17.24,6.19,6.76
20180105,19.82,6.89,8.06
20180106,16.05,6.16,7.92
20180107,14.59,5.14,7.54
20180108,16.34,6.44,8.91
20180109,22.68,8.25,8.95
20180110,25.8,9.48,9.38
20180111,31.13,9.97,9.58
20180112,28.76,9.72,9.84
20180113,28.25,8.6,8.57
20180114,28.32,8.16,8.03
20180115,29.43,7.16,8.51
20180116,26.71,6.82,9.44
20180117,29.12,6.87,10.59
20180118,29.45,6.55,10.33
20180119,28.39,6.75,9.21
20180120,25.83,6.66,8.93
20180121,23.04,5.93,8.38
20180122,27.3,6.86,10.31
20180123,27.92,6.45,10.96
20180124,23.44,5.86,9.46
20180125,19.91,6.4,8.71
20180126,23.33,7.14,9.46
20180127,19.32,6.04,8.5
20180128,19.19,6.3,9.2
20180129,25.5,7.5,9.41
20180130,25.64,7.26,9.41
20180131,28.51,9.47,9.38
20180201,35.51,10.68,9.31
20180202,33.97,9.8,9.48
20180203,40.18,11.72,10.42
20180204,34.79,8.84,9.45
20180205,36.03,8.67,8.83
20180206,42.69,8.49,9.58
20180207,37.0,7.72,8.48
20180208,35.15,7.59,8.95
20180209,29.37,6.32,8.21
20180210,32.66,7.64,8.56
20180211,36.19,7.76,8.59
20180212,31.81,7.78,8.58
20180213,31.16,6.8,6.93
20180214,24.39,4.79,5.95
20180215,21.91,4.95,4.93
20180216,31.9,5.87,5.88
20180217,23.7,4.6,6.03
20180218,23.77,4.72,5.41
20180219,24.57,4.73,5.82
20180220,23.94,4.25,6.0
20180221,25.2,5.37,7.12
20180222,24.45,6.58,7.29
20180223,28.78,7.49,7.42
20180224,27.65,6.17,7.15
20180225,30.92,6.41,7.99
20180226,32.24,6.93,8.17
20180227,27.58,6.61,7.22
20180228,21.88,5.31,8.36
20180301,24.4,4.76,8.4
20180302,32.26,5.12,8.15
20180303,35.87,5.5,7.83
20180304,31.87,6.46,7.65
20180305,32.21,6.39,8.01
20180306,40.52,7.05,9.99
20180307,42.58,7.51,9.15
20180308,29.88,10.53,9.61
20180309,33.49,11.37,9.87
20180310,42.23,8.93,8.59
20180311,43.41,7.61,8.23
20180312,41.08,6.73,8.0
20180313,35.57,6.16,8.74
20180314,34.3,5.48,9.32
20180315,37.26,5.71,10.66
20180316,49.69,6.84,12.29
20180317,55.66,7.46,12.47
20180318,41.04,6.04,8.37
20180319,26.45,6.19,8.52
20180320,29.78,8.01,11.94
20180321,38.11,8.75,11.18
20180322,45.14,8.73,9.15
20180323,47.31,7.77,8.78
20180324,40.89,7.07,8.06
20180325,42.12,6.88,9.15
20180326,42.29,7.25,9.94
20180327,45.99,7.29,10.76
20180328,29.03,6.6,7.13
20180329,31.38,5.39,8.56
20180330,39.98,6.04,9.74
20180331,40.7,6.34,9.39
20180401,36.11,6.67,8.27
20180402,40.0,6.22,9.65
20180403,39.17,5.53,9.2
20180404,37.44,5.71,7.96
20180405,30.02,5.31,6.5
20180406,29.88,8.5,7.62
20180407,25.74,9.48,5.42
20180408,30.8,6.83,6.58
20180409,33.62,6.61,8.23
20180410,33.1,6.19,7.26
20180411,33.15,5.74,6.58
20180412,32.86,5.56,6.38
20180413,33.4,6.25,7.02
20180414,31.5,7.08,6.78
20180415,29.49,8.14,7.0
20180416,26.73,7.05,6.34
20180417,29.43,7.75,8.47
20180418,32.79,7.74,8.84
20180419,29.11,7.15,6.75
20180420,26.38,5.75,6.71
20180421,28.67,5.19,7.2
20180422,28.65,4.94,7.33
20180423,29.51,5.44,8.61
20180424,32.93,6.77,8.63
20180425,36.45,7.37,7.99
20180426,35.32,7.36,6.7
20180427,37.99,8.31,7.21
20180428,35.57,7.16,7.48
20180429,34.03,6.35,7.34
20180430,32.92,5.92,6.78
20180501,30.99,5.97,7.54
20180502,31.46,7.33,7.12
20180503,28.12,8.81,7.56
20180504,19.9,7.44,4.96
20180505,17.58,4.46,4.15
20180506,19.06,4.97,4.43
20180507,19.96,5.27,5.76
20180508,23.94,6.0,6.43
20180509,23.01,5.9,6.4
20180510,23.58,5.69,6.31
20180511,21.87,5.06,6.16
20180512,23.14,5.18,6.08
20180513,21.75,5.24,5.69
20180514,18.02,4.57,5.63
20180515,19.21,3.87,4.67
20180516,20.28,4.36,5.32
20180517,24.42,4.87,4.95
20180518,24.44,5.18,4.99
20180519,24.86,4.82,4.83
20180520,23.41,4.72,4.69
20180521,22.68,4.57,4.65
20180522,21.95,5.62,4.86
20180523,21.8,6.54,5.55
20180524,19.77,5.0,4.57
20180525,18.41,4.02,4.0
20180526,18.63,4.9,4.95
20180527,21.15,7.73,5.4
20180528,21.28,7.64,5.7
20180529,14.14,4.58,5.08
20180530,11.37,4.56,4.56
20180531,11.11,4.42,4.34
20180601,17.56,5.04,5.17
20180602,16.48,5.65,5.35
20180603,16.4,5.56,5.55
20180604,14.54,7.24,5.47
20180605,19.9,10.87,5.29
20180606,23.61,8.49,6.58
20180607,25.74,7.38,6.76
20180608,22.12,5.94,6.42
20180609,18.55,6.77,5.85
20180610,16.57,6.06,5.42
20180611,9.13,4.19,4.81
20180612,6.85,3.95,4.2
20180613,7.72,3.84,4.24
20180614,11.46,5.22,4.94
20180615,18.05,7.12,6.32
20180616,18.39,5.39,5.31
20180617,19.87,5.71,3.82
20180618,17.81,4.75,4.01
20180619,17.88,4.64,3.93
20180620,18.02,4.52,4.29
20180621,16.64,4.14,4.53
20180622,13.46,3.86,4.72
20180623,12.03,3.98,4.83
20180624,11.97,3.6,4.66
20180625,10.73,3.83,4.41
20180626,11.11,5.13,4.43
20180627,9.72,4.36,4.08
20180628,9.49,3.54,4.01
20180629,8.95,2.86,4.03
20180630,9.25,2.91,4.16
20180701,10.55,3.25,4.21
20180702,10.16,3.43,3.88
20180703,9.81,3.53,3.65
20180704,10.31,3.61,3.76
20180705,10.27,3.87,4.13
20180706,12.64,4.35,4.96
20180707,14.92,6.4,5.49
20180708,15.11,7.11,5.19
20180709,13.77,6.07,4.87
20180710,12.31,4.49,4.63
20180711,12.72,4.32,4.42
20180712,13.62,4.19,4.73
20180713,14.98,4.32,4.86
20180714,16.35,4.18,4.88
20180715,16.46,4.82,5.21
20180716,13.28,4.83,5.01
20180717,11.44,4.36,5.21
20180718,13.05,4.86,5.49
20180719,13.67,5.47,5.65
20180720,14.29,6.32,5.32
20180721,14.81,5.8,5.52
20180722,16.47,5.22,5.65
20180723,18.02,4.98,5.72
20180724,19.06,5.14,5.56
20180725,23.09,9.05,6.7
20180726,18.55,7.14,5.26
20180727,15.3,5.88,5.24
20180728,13.69,5.4,4.67
20180729,13.63,5.34,4.98
20180730,14.55,5.58,5.39
20180731,14.05,5.34,5.28
20180801,13.51,4.71,4.93
20180802,11.87,4.14,4.77
20180803,13.32,4.59,5.37
20180804,15.16,8.13,5.1
20180805,16.63,8.05,5.15
20180806,17.48,7.27,5.55
20180807,16.82,6.75,5.37
20180808,17.38,6.51,5.11
20180809,18.7,7.02,5.4
20180810,20.78,7.37,5.7
20180811,20.63,5.96,5.11
20180812,21.49,5.77,5.4
20180813,21.81,5.78,5.77
20180814,23.64,6.24,6.02
20180815,27.67,9.49,6.72
20180816,26.68,12.29,6.78
20180817,23.36,12.85,6.0
20180818,27.39,12.78,6.31
20180819,28.42,10.3,6.47
20180820,24.14,7.08,6.39
20180821,18.2,4.88,5.84
20180822,18.85,5.78,5.63
20180823,22.43,10.0,5.78
20180824,28.33,10.3,6.27
20180825,26.4,8.61,5.16
20180826,24.41,7.8,5.51
20180827,29.01,9.64,6.6
20180828,26.79,6.97,5.34
20180829,22.74,7.63,5.62
20180830,23.98,10.22,5.86
20180831,24.67,10.43,5.77
20180901,18.62,7.46,4.46
20180902,16.98,6.3,4.63
20180903,16.95,8.12,4.71
20180904,16.75,8.22,5.12
20180905,15.7,6.1,4.63
20180906,15.22,5.55,4.42
20180907,18.5,7.98,4.83
20180908,21.79,10.57,4.85
20180909,22.07,10.3,5.4
20180910,21.1,9.08,5.09
20180911,21.01,7.99,4.72
20180912,23.31,7.36,4.57
20180913,19.25,6.44,4.88
20180914,20.9,7.09,5.3
20180915,21.72,7.19,5.53
20180916,22.66,9.98,6.14
20180917,21.46,11.96,5.95
20180918,19.5,12.03,6.25
20180919,19.01,10.05,5.07
20180920,14.92,6.06,4.57
20180921,15.03,5.44,4.83
20180922,14.12,4.62,4.76
20180923,15.71,5.09,4.96
20180924,16.65,5.2,4.36
20180925,14.95,4.81,3.99
20180926,16.49,6.43,5.23
20180927,18.0,7.93,5.91
20180928,22.29,11.07,5.23
20180929,22.8,12.68,5.54
20180930,23.39,10.75,6.21
20181001,22.66,10.3,5.43
20181002,24.09,10.72,5.3
20181003,23.42,9.48,4.6
20181004,25.6,9.61,4.86
20181005,26.96,9.39,5.03
20181006,27.03,9.13,5.0
20181007,25.68,9.65,4.95
20181008,23.52,9.65,4.6
20181009,22.29,10.21,5.81
20181010,20.92,12.6,5.48
20181011,25.74,14.9,6.09
20181012,22.04,11.37,6.03
20181013,19.27,8.04,4.43
20181014,18.48,7.14,4.26
20181015,16.74,5.91,4.8
20181016,15.45,5.94,4.79
20181017,15.12,5.71,5.26
20181018,15.59,5.86,5.43
20181019,17.75,6.37,5.6
20181020,19.42,7.39,5.61
20181021,19.09,7.01,5.86
20181022,19.75,7.66,5.95
20181023,17.72,8.06,6.22
20181024,17.31,7.29,4.73
20181025,15.7,6.41,5.36
20181026,19.79,8.14,5.8
20181027,21.02,10.56,6.1
20181028,18.24,8.95,5.48
20181029,18.57,8.25,5.42
20181030,20.09,10.24,7.27
20181031,16.28,11.28,6.47
20181101,19.43,11.59,8.81
20181102,22.15,10.34,8.87
20181103,22.34,8.09,7.05
20181104,20.78,6.88,6.55
20181105,20.1,6.75,6.55
20181106,21.0,7.02,6.3
20181107,21.98,8.28,6.02
20181108,20.27,8.51,6.75
20181109,21.25,8.33,6.09
20181110,18.34,7.03,5.92
20181111,17.0,7.04,6.63
20181112,16.56,6.36,6.0
20181113,17.11,6.69,6.45
20181114,16.55,6.34,6.23
20181115,15.77,5.87,6.73
20181116,14.54,5.82,6.59
20181117,16.38,6.83,6.76
20181118,19.72,7.94,6.68
20181119,21.72,8.24,6.96
20181120,18.02,6.77,6.84
20181121,16.96,6.77,7.49
20181122,23.18,11.82,8.16
20181123,22.58,10.96,6.71
20181124,20.29,8.45,7.08
20181125,22.02,10.76,8.62
20181126,25.03,10.5,8.4
20181127,23.01,9.31,7.78
20181128,24.83,8.62,9.32
20181129,25.16,8.39,7.59
20181130,20.37,6.99,7.57
20181201,20.75,6.96,7.25
20181202,17.96,6.09,6.85
20181203,16.39,5.66,7.77
20181204,15.91,6.09,7.81
20181205,16.68,6.26,7.76
20181206,16.46,7.28,8.42
20181207,19.67,9.41,8.58
20181208,18.71,9.36,7.49
20181209,17.77,9.09,7.16
20181210,16.61,7.62,6.23
20181211,18.5,8.31,8.44
20181212,21.79,9.53,8.03
20181213,21.98,8.79,6.5
20181214,21.95,9.1,7.84
20181215,27.22,10.73,6.22
20181216,18.8,7.83,7.35
20181217,23.21,8.91,7.71
20181218,21.7,9.18,7.5
20181219,18.55,7.79,5.65
20181220,14.74,5.37,6.11
20181221,16.18,5.83,7.19
20181222,15.46,6.4,6.32
20181223,31.49,16.17,6.54
20181224,21.1,8.75,7.4
20181225,15.72,6.43,7.78
20181226,14.6,5.87,7.5
20181227,16.81,6.97,7.94
20181228,23.17,11.19,9.55
20181229,20.71,12.03,10.0
20181230,26.36,11.89,7.32
20181231,25.65,9.84,7.77
